Cluster,CustomerID,Gender,Age,Annual Income (k$),Spending Score (1-100),Recency,Frequency,Monetary
0,3.0,0.3333333333333333,23.333333333333332,16.0,28.333333333333332,71.66666666666667,3.0,16.0
1,16.0,0.5,45.5,21.0,23.0,77.0,4.0,21.0
2,17.0,0.5,25.25,21.0,80.0,20.0,4.0,21.0
3,7.0,0.16666666666666666,25.666666666666668,17.333333333333332,83.16666666666667,16.833333333333332,3.0,17.333333333333332
4,9.0,0.6666666666666666,55.333333333333336,18.666666666666668,7.666666666666667,92.33333333333333,3.0,18.666666666666668
